fitness,lr0,lrf,momentum,weight_decay,warmup_epochs,warmup_momentum,box,cls,dfl,hsv_h,hsv_s,hsv_v,degrees,translate,scale,shear,perspective,flipud,fliplr,mosaic,mixup,copy_paste
0.33429,0.01,0.01,0.937,0.0005,3.0,0.8,7.5,0.5,1.5,0.015,0.7,0.4,0.0,0.1,0.5,0.0,0.0,0.0,0.5,1.0,0.0,0.0
0.35889,0.00984,0.01006,0.93946,0.00051,2.9085,0.79773,7.55798,0.5,1.48816,0.01484,0.71121,0.42321,0.0,0.1,0.48901,0.0,0.0,0.0,0.47609,0.98873,0.0,0.0
0.35588,0.0078,0.00896,0.94109,0.00051,3.28927,0.68545,8.03494,0.5,1.48816,0.01557,0.77896,0.42809,0.0,0.09788,0.45803,0.0,0.0,0.0,0.47602,1.0,0.0,0.0
0.37676,0.0078,0.00876,0.94109,0.00049,3.28927,0.57913,7.29734,0.54098,1.44221,0.01678,0.57164,0.41099,0.0,0.09763,0.41711,0.0,0.0,0.0,0.32687,0.89104,0.0,0.0
0.24592,0.01029,0.01061,0.95928,0.00053,2.85224,0.75619,7.55901,0.51174,1.48816,0.01465,0.74072,0.41595,0.0,0.1,0.46679,0.0,0.0,0.0,0.46989,0.98873,0.0,0.0
