                  epoch,         train/box_loss,         train/cls_loss,         train/dfl_loss,   metrics/precision(B),      metrics/recall(B),       metrics/mAP50(B),    metrics/mAP50-95(B),           val/box_loss,           val/cls_loss,           val/dfl_loss,                 lr/pg0,                 lr/pg1,                 lr/pg2
                      1,                 1.8321,                 3.7123,                 2.0291,                      0,                      0,                      0,                      0,                      0,                      0,                      0,               0.070238,              0.0033069,              0.0033069
                      2,                 1.8136,                 3.3722,                 1.9957,                      0,                      0,                      0,                      0,                      0,                      0,                      0,               0.040019,              0.0064211,              0.0064211
                      3,                 1.7187,                 3.2147,                 1.9304,                      0,                      0,                      0,                      0,                      0,                      0,                      0,              0.0095798,              0.0093153,              0.0093153
                      4,                 1.6613,                 3.0822,                 1.8568,                      0,                      0,                      0,                      0,                      0,                      0,                      0,                0.00901,                0.00901,                0.00901
